{
  "ndcg": 0.91196,
  "ap": 0.8055555555555556
}