{
  "ndcg": 0.91196,
  "map": 0.8055555555555556
}