{
  "ndcg": 0.75406,
  "ap": 0.42806267806267806
}