{
  "ndcg": 0.94387,
  "ap": 0.8541666666666666
}