{
  "ndcg": 0.89925,
  "ap": 0.724537037037037
}