{
  "ndcg": 0.97691,
  "ap": 0.9166666666666666
}