{
  "ndcg": 0.89577,
  "ap": 0.6666666666666666
}