{
  "ndcg": 0.80215,
  "ap": 0.6111111111111112
}