{
  "ndcg": 0.79322,
  "ap": 0.5384615384615384
}