{
  "ndcg": 0.78418,
  "ap": 0.5909090909090909
}