{
  "ndcg": 0.76506,
  "ap": 0.5238095238095237
}