{
  "ndcg": 0.68655,
  "ap": 0.5714285714285714
}