{
  "ndcg": 0.40657,
  "ap": 0.14814814814814814
}