{
  "ndcg": 0.63744,
  "ap": 0.41666666666666663
}