{
  "ndcg": 0.57043,
  "ap": 0.2361111111111111
}