{
  "ndcg": 0.89107,
  "ap": 0.6984126984126984
}