{
  "ndcg": 0.61357,
  "ap": 0.367816091954023
}