{
  "ndcg": 0.52802,
  "ap": 0.28968253968253965
}