{
  "ndcg": 0.40021,
  "ap": 0.10344827586206896
}