{
  "ndcg": 0.73736,
  "ap": 0.4907407407407407
}