{
  "ndcg": 0.40882,
  "ap": 0.1111111111111111
}