{
  "ndcg": 0.60055,
  "ap": 0.38690476190476186
}