{
  "ndcg": 0.63246,
  "ap": 0.39215686274509803
}