{
  "ndcg": 0.52172,
  "ap": 0.23529411764705882
}