{
  "ndcg": 0.63477,
  "ap": 0.3392857142857143
}