{
  "ndcg": 0.62587,
  "ap": 0.2857142857142857
}