{
  "ndcg": 0.85284,
  "ap": 0.6636904761904762
}