{
  "ndcg": 0.80731,
  "ap": 0.5825757575757575
}