{
  "ndcg": 0.68458,
  "ap": 0.36363636363636365
}