{
  "ndcg": 0.73816,
  "ap": 0.4444444444444444
}