{
  "ndcg": 0.38892,
  "ap": 0.1536732456140351
}