{
  "ndcg": 0.85129,
  "ap": 0.6708333333333333
}