{
  "ndcg": 0.97093,
  "ap": 0.9166666666666666
}