{
  "ndcg": 0.69986,
  "ap": 0.38657407407407407
}