{
  "ndcg": 0.45524,
  "ap": 0.2050925925925926
}