{
  "ndcg": 0.86005,
  "ap": 0.6666666666666666
}