{
  "ndcg": 0.82589,
  "ap": 0.5726086956521739
}