{
  "ndcg": 0.85984,
  "ap": 0.5833333333333333
}