{
  "ndcg": 0.77419,
  "ap": 0.5769230769230769
}