{
  "ndcg": 0.67542,
  "ap": 0.3333333333333333
}