{
  "ndcg": 0.39346,
  "ap": 0.07692307692307693
}