{
  "ndcg": 0.91972,
  "ap": 0.8333333333333333
}