{
  "ndcg": 0.39781,
  "ap": 0.19642857142857142
}