{
  "ndcg": 0.85319,
  "ap": 0.6678571428571428
}