{
  "ndcg": 0.85975,
  "ap": 0.6651785714285714
}