{
  "ndcg": 0.49449,
  "ap": 0.14814814814814814
}