{
  "ndcg": 0.81154,
  "ap": 0.5714285714285714
}