{
  "ndcg": 0.60848,
  "ap": 0.36203703703703705
}