{
  "ndcg": 0.85673,
  "ap": 0.6602564102564102
}