{
  "ndcg": 0.90529,
  "ap": 0.6785714285714286
}