{
  "ndcg": 0.93494,
  "ap": 0.8303571428571428
}