{
  "ndcg": 0.59854,
  "ap": 0.42037037037037034
}