{
  "ndcg": 0.59368,
  "ap": 0.39166666666666666
}