{
  "ndcg": 0.53282,
  "ap": 0.31547619047619047
}