{
  "ndcg": 0.41697,
  "ap": 0.1658424908424908
}