{
  "ndcg": 0.93675,
  "ap": 0.8055555555555556
}