{
  "ndcg": 0.66551,
  "ap": 0.3333333333333333
}