{
  "ndcg": 0.57996,
  "ap": 0.23076923076923078
}