{
  "ndcg": 0.51047,
  "ap": 0.30000000000000004
}