{
  "ndcg": 0.60391,
  "ap": 0.4444444444444445
}