{
  "ndcg": 0.91668,
  "ap": 0.7435897435897436
}