{
  "ndcg": 0.83087,
  "ap": 0.5666666666666667
}