{
  "ndcg": 0.77209,
  "ap": 0.5444444444444444
}