{
  "ndcg": 0.43496,
  "ap": 0.10344827586206896
}