{
  "ndcg": 0.52862,
  "ap": 0.3055555555555556
}