{
  "ndcg": 0.56144,
  "ap": 0.31666666666666665
}