{
  "ndcg": 0.73357,
  "ap": 0.4630541871921182
}