{
  "ndcg": 0.49608,
  "ap": 0.2777777777777778
}