{
  "ndcg": 0.61898,
  "ap": 0.42857142857142855
}