{
  "ndcg": 0.38258,
  "ap": 0.1603174603174603
}