{
  "ndcg": 0.37902,
  "ap": 0.15604395604395604
}