{
  "ndcg": 0.73167,
  "ap": 0.42857142857142855
}