{
  "ndcg": 0.64478,
  "ap": 0.4666666666666667
}