{
  "ndcg": 0.39227,
  "ap": 0.16096491228070176
}