{
  "ndcg": 0.44401,
  "ap": 0.21666666666666667
}