{
  "ndcg": 0.39102,
  "ap": 0.1486291486291486
}