{
  "ndcg": 0.37655,
  "ap": 0.1111111111111111
}