{
  "ndcg": 0.53169,
  "ap": 0.3416666666666666
}