{
  "ndcg": 0.44582,
  "ap": 0.1111111111111111
}