{
  "ndcg": 0.67814,
  "ap": 0.4833333333333333
}