{
  "ndcg": 0.58289,
  "ap": 0.23529411764705882
}