{
  "ndcg": 0.58706,
  "ap": 0.3742997198879552
}