{
  "ndcg": 0.38664,
  "ap": 0.1568890056022409
}