{
  "ndcg": 0.81089,
  "ap": 0.48333333333333334
}