{
  "ndcg": 0.38664,
  "ap": 0.16883753501400559
}