{
  "ndcg": 0.79996,
  "ap": 0.5681818181818181
}