{
  "ndcg": 0.76064,
  "ap": 0.6791666666666667
}