{
  "ndcg": 0.94939,
  "ap": 0.8611111111111112
}