{
  "ndcg": 0.79055,
  "ap": 0.5909090909090909
}