{
  "ndcg": 0.86873,
  "ap": 0.6846590909090909
}