{
  "ndcg": 0.64893,
  "ap": 0.5011904761904762
}