{
  "ndcg": 0.87104,
  "ap": 0.6575757575757576
}