{
  "ndcg": 0.59536,
  "ap": 0.43465909090909094
}