{
  "ndcg": 0.59185,
  "ap": 0.35132575757575757
}